{
  "heuristics": [
    "manh",
    "diagonal",
    "euclid",
    "weighted"
  ],
  "densities": [
    10,
    20,
    30,
    40,
    50,
    60,
    70,
    80,
    90
  ],
  "seeds": [
    168,
    169,
    170,
    171,
    172,
    173
  ],
  "raw_results": {
    "env4": {
      "10": {
        "manh": {
          "makespan": [
            47,
            40,
            46,
            44,
            42,
            33
          ],
          "runtime": [
            1.9536124000005657,
            0.6276983000134351,
            0.3920036000054097,
            0.5307748000050196,
            0.44165459999931045,
            0.5539973999984795
          ]
        },
        "diagonal": {
          "makespan": [
            47,
            40,
            45,
            44,
            42,
            32
          ],
          "runtime": [
            3.408930400008103,
            1.8591851999954088,
            3.160046600009082,
            2.6582065999973565,
            1.810013499998604,
            1.1705586000025505
          ]
        },
        "euclid": {
          "makespan": [
            47,
            40,
            45,
            44,
            42,
            32
          ],
          "runtime": [
            5.721593299997039,
            2.920321599987801,
            4.7568410000094445,
            4.499914800006081,
            2.9031433000054676,
            1.8580264000047464
          ]
        },
        "weighted": {
          "makespan": [
            47,
            40,
            45,
            44,
            42,
            32
          ],
          "runtime": [
            2.728745699991123,
            1.4213080999907106,
            2.4113900999946054,
            1.903104999990319,
            1.377610999988974,
            0.9079945999983465
          ]
        }
      },
      "20": {
        "manh": {
          "makespan": [
            47,
            40,
            48,
            44,
            43,
            35
          ],
          "runtime": [
            2.428696199989645,
            0.7017053000017768,
            3.1559512999956496,
            5.1126339999900665,
            0.7969510999973863,
            0.6933470999938436
          ]
        },
        "diagonal": {
          "makespan": [
            47,
            40,
            45,
            45,
            42,
            32
          ],
          "runtime": [
            3.4330337999999756,
            1.6914755000034347,
            3.034736600005999,
            2.6308312000037404,
            1.7555969999957597,
            1.1590422000008402
          ]
        },
        "euclid": {
          "makespan": [
            47,
            40,
            45,
            45,
            42,
            32
          ],
          "runtime": [
            5.770367200006149,
            2.6461038999987068,
            4.510230900006718,
            4.1702384000091115,
            2.682789700003923,
            1.7821089000062784
          ]
        },
        "weighted": {
          "makespan": [
            47,
            40,
            45,
            45,
            42,
            32
          ],
          "runtime": [
            2.5241472000052454,
            1.4802386999945156,
            2.2878232000075513,
            1.798517900009756,
            1.3537268999934895,
            0.9128593999921577
          ]
        }
      },
      "30": {
        "manh": {
          "makespan": [
            48,
            43,
            49,
            44,
            43,
            35
          ],
          "runtime": [
            3.025399700010894,
            0.9257489000010537,
            4.245926499992493,
            5.838360499998089,
            0.8843498000060208,
            1.2329247999878135
          ]
        },
        "diagonal": {
          "makespan": [
            47,
            40,
            46,
            45,
            42,
            32
          ],
          "runtime": [
            3.426628900007927,
            3.9818306999950437,
            2.8048951999953715,
            3.115048499996192,
            1.7243121000065003,
            1.1248739000002388
          ]
        },
        "euclid": {
          "makespan": [
            47,
            40,
            46,
            45,
            42,
            32
          ],
          "runtime": [
            5.053394200003822,
            4.784908799992991,
            4.125705999991624,
            4.415961299993796,
            2.5397531999915373,
            1.7058184000052279
          ]
        },
        "weighted": {
          "makespan": [
            47,
            40,
            46,
            45,
            42,
            32
          ],
          "runtime": [
            2.823253200011095,
            3.599697500001639,
            2.2359464000037406,
            2.519702599995071,
            1.4860545999981696,
            0.9339559000072768
          ]
        }
      },
      "40": {
        "manh": {
          "makespan": [
            54,
            42,
            49,
            44,
            43,
            34
          ],
          "runtime": [
            7.637028900004225,
            1.9453349999967031,
            1.7308935000037309,
            8.769272799996543,
            3.5518795999960275,
            1.9025449999899138
          ]
        },
        "diagonal": {
          "makespan": [
            48,
            40,
            46,
            45,
            44,
            32
          ],
          "runtime": [
            3.5208006000029854,
            2.2002636000106577,
            2.7389191999973264,
            2.3891499000019394,
            3.2023073000018485,
            1.059574099999736
          ]
        },
        "euclid": {
          "makespan": [
            48,
            40,
            46,
            45,
            44,
            32
          ],
          "runtime": [
            4.91115530001116,
            2.9959232000110205,
            3.9014717000100063,
            3.556448499992257,
            4.07858309999574,
            1.5661468000034802
          ]
        },
        "weighted": {
          "makespan": [
            48,
            40,
            46,
            45,
            44,
            32
          ],
          "runtime": [
            2.8338106000010157,
            1.932285699993372,
            2.2636253999953624,
            1.8026566000044113,
            2.844719000000623,
            0.9039235999953235
          ]
        }
      },
      "50": {
        "manh": {
          "makespan": [
            51,
            41,
            48,
            45,
            43,
            54
          ],
          "runtime": [
            12.70878939999966,
            1.605517999996664,
            2.7702491999953054,
            9.062241099993116,
            3.872224999999162,
            5.254680600002757
          ]
        },
        "diagonal": {
          "makespan": [
            50,
            40,
            47,
            45,
            43,
            32
          ],
          "runtime": [
            18.996857300007832,
            3.9625512000056915,
            2.8472360000014305,
            3.2735006000002613,
            16.711041100003058,
            1.1087590000097407
          ]
        },
        "euclid": {
          "makespan": [
            50,
            40,
            47,
            45,
            43,
            32
          ],
          "runtime": [
            21.317276000001584,
            4.669418700010283,
            3.916901799995685,
            4.415360800005146,
            18.802054400002817,
            1.5704149999946821
          ]
        },
        "weighted": {
          "makespan": [
            50,
            40,
            47,
            45,
            43,
            32
          ],